0,none,MPUI_NONE,PERKS_STANDARD_FINISH,weapon_missing_image,,,,,,,,,,,,,
1,desert,MPUI_DESERT,PERKS_TAN_DESERT_CAMOUFLAGE,img_camo_multicamd,img_camo_multicamd,,,camo_h1_desert,regular|hardened|veteran,,,,,,,,
2,woodland,MPUI_WOODLAND,PERKS_GREEN_WOODLAND_CAMOUFLAGE,img_camo_woodland,img_camo_woodland,,,camo_h1_woodland,regular|hardened|veteran,,,,,,,,
3,digital,MPUI_DIGITAL,PERKS_BLACK_AND_WHITE_MARPAT,img_camo_digital,img_camo_digital,,,camo_h1_digital,hardened|veteran,,,,,,,,
4,bluetiger,MPUI_BLUE_TIGER,PERKS_BLUE_TIGER_STRIPE_CAMOUFLAGE,img_camo_blue,img_camo_blue,,,camo_h1_blue_tiger,hardened|veteran,,,,,,,,
5,redtiger,MPUI_RED_TIGER,PERKS_RED_TIGER_STRIPE_CAMOUFLAGE,img_camo_tiger,img_camo_tiger,,,camo_h1_red_tiger,hardened|veteran,,,,,,,,
6,redhex,MPUI_DRAGON_SKIN,PERKS_DRAGON_SKIN_CAMOUFLAGE,img_camo_redhex,img_camo_redhex,,,camo_h1_red_hex,,,,,,,,,
7,odgreen,MPUI_OD_GREEN,PERKS_OD_GREEN_CAMOUFLAGE,img_camo_odgreen,img_camo_odgreen,,,camo_h1_od_green,,,,,,,,,
8,fde,MPUI_FDE,PERKS_FDE_CAMOUFLAGE,img_camo_fde,img_camo_fde,,,camo_h1_fde,,,,,,,,,
9,white,MPUI_WINTER_TIGER,PERKS_WINTER_TIGER_CAMOUFLAGE,img_camo_white,img_camo_white,,,camo_h1_white,,,,,,,,,
10,nickel,MPUI_NICKEL_PLATED,PERKS_NICKEL_PLATED_CAMOUFLAGE,img_camo_nickel,img_camo_nickel,,,camo_h1_nickel,,,,,,,,,
11,neontiger,MPUI_NEON_TIGER,PERKS_NEON_TIGER_CAMOUFLAGE,img_camo_neontiger,img_camo_neontiger,,,camo_h1_neon_tiger,,,,,,,,,
12,gold,MPUI_GOLD,PERKS_GOLD,img_camo_gold,img_camo_gold,,,camo_h1_gold,,,,,,,,,
13,diamond,MPUI_REGAL,PERKS_REGAL_CAMOUFLAGE,img_camo_diamond,img_camo_diamond,,,camo_h1_diamond,,,,,,,,,
14,darkmatter,MPUI_EXCLUSION_ZONE,PERKS_EXCLUSION_ZONE_CAMOUFLAGE,img_camo_darkmatter,img_camo_darkmatter,,,,,_exclusion,,,,,,,
15,camo016,LOOT_DEC_WCAMO_REWARD_01,LUA_MENU_CAMO_CAPS,h1_weapon_camo_animal_00_reward,weapon_missing_image,,,camo_h1_snake_skin,,,,,,,0x100C6AA,,
16,camo017,LOOT_DEC_WCAMO_REWARD_04,LUA_MENU_CAMO_CAPS,h1_weapon_camo_faction_00_reward,weapon_missing_image,,,camo_h1_stars_and_stripes,,,,,,,,0x100C6B7,
17,camo018,LOOT_DEC_WCAMO_01,LUA_MENU_CAMO_CAPS,h1_weapon_camo_apocalypse_sho_02,weapon_missing_image,,,camo_h1_auscam_airforce,,,,,,,0x10087E1,,
18,camo019,LOOT_DEC_WCAMO_03,LUA_MENU_CAMO_CAPS,h1_weapon_camo_apocalypse_sho_03,weapon_missing_image,,,camo_h1_auscam_desert,,,,,,,0x10087E3,,
19,camo020,LOOT_DEC_WCAMO_15,LUA_MENU_CAMO_CAPS,h1_weapon_camo_norse_01,weapon_missing_image,,,camo_h1_auscam_navy,,,,,,,0x10087EF,,
20,camo021,LOOT_DEC_WCAMO_02,LUA_MENU_CAMO_CAPS,h1_weapon_camo_apocalypse_sho_04,weapon_missing_image,,,camo_h1_auscam_woodland,,,,,,,0x10087E2,,
21,camo022,LOOT_DEC_WCAMO_12,LUA_MENU_CAMO_CAPS,h1_weapon_camo_kamchatka,weapon_missing_image,,,camo_h1_chocochip_desert,,,,,,,0x10087EC,,
22,camo023,LOOT_DEC_WCAMO_23,LUA_MENU_CAMO_CAPS,h1_weapon_camo_wrongway_sni_02,weapon_missing_image,,,camo_h1_chocochip_opfor,,,,,,,,0x10087F7,
23,camo024,LOOT_DEC_WCAMO_21,LUA_MENU_CAMO_CAPS,h1_weapon_camo_widowmaker_asl_04,weapon_missing_image,,,camo_h1_chocochip_urban,,,,0x10087F5,,,,,
24,camo025,LOOT_DEC_WCAMO_05,LUA_MENU_CAMO_CAPS,h1_weapon_camo_chilipepper_smg_02,weapon_missing_image,,,camo_h1_dpm_blaze,,,,,0x10087E5,,,,
25,camo026,LOOT_DEC_WCAMO_04,LUA_MENU_CAMO_CAPS,h1_weapon_camo_assassin,weapon_missing_image,,,camo_h1_dpm_mountain,,,,,,,,0x10087E4,
26,camo027,LOOT_DEC_WCAMO_24,LUA_MENU_CAMO_CAPS,h1_weapon_camo_wrongway_sni_03,weapon_missing_image,,,camo_h1_dpm_opfor,,,,,,,,0x10087F8,
27,camo028,LOOT_DEC_WCAMO_16,LUA_MENU_CAMO_CAPS,h1_weapon_camo_norse_02,weapon_missing_image,,,camo_h1_dpm_urban,,,,,,0x10087F0,,,
28,camo029,LOOT_DEC_WCAMO_17,LUA_MENU_CAMO_CAPS,h1_weapon_camo_toxic_lmg_02,weapon_missing_image,,,camo_h1_flecktarn_mountain,,,,,,0x10087F1,,,
29,camo030,LOOT_DEC_WCAMO_25,LUA_MENU_CAMO_CAPS,h1_weapon_camo_wrongway_sni_04,weapon_missing_image,,,camo_h1_flecktarn_opfor,,,,,,,,0x10087F9,
30,camo031,LOOT_DEC_WCAMO_20,LUA_MENU_CAMO_CAPS,h1_weapon_camo_widowmaker_asl_02,weapon_missing_image,,,camo_h1_flecktarn_urban,,,,0x10087F4,,,,,
31,camo032,LOOT_DEC_WCAMO_13,LUA_MENU_CAMO_CAPS,h1_weapon_camo_patriot_02,weapon_missing_image,,,camo_h1_marpat_mountain,,,,,,0x10087ED,,,
32,camo033,LOOT_DEC_WCAMO_22,LUA_MENU_CAMO_CAPS,h1_weapon_camo_widowmaker_asl_03,weapon_missing_image,,,camo_h1_marpat_universal,,,,0x10087F6,,,,,
33,camo034,LOOT_DEC_WCAMO_18,LUA_MENU_CAMO_CAPS,h1_weapon_camo_toxic_lmg_03,weapon_missing_image,,,camo_h1_splinter_woodland,,,,,,0x10087F2,,,
34,camo035,LOOT_DEC_WCAMO_19,LUA_MENU_CAMO_CAPS,h1_weapon_camo_toxic_lmg_04,weapon_missing_image,,,camo_h1_vegetato_desert,,,,,,0x10087F3,,,
35,camo036,LOOT_DEC_WCAMO_06,LUA_MENU_CAMO_CAPS,h1_weapon_camo_chilipepper_smg_03,weapon_missing_image,,,camo_h1_vegetato_woodland,,,,,0x10087E6,,,,
36,camo037,LOOT_DEC_WCAMO_47,LUA_MENU_CAMO_CAPS,h1_weapon_camo_apocalypse_sho_07,weapon_missing_image,,,camo_h1_goldfish,,,,,,,0x1008FB1,,
37,camo038,LOOT_DEC_WCAMO_55,LUA_MENU_CAMO_CAPS,h1_weapon_camo_apocalypse_sho_01,weapon_missing_image,,,camo_h1_peacock,,,,,,,0x1009399,,
38,camo039,LOOT_DEC_WCAMO_28,LUA_MENU_CAMO_CAPS,h1_weapon_camo_apocalypse_sho_05,weapon_missing_image,,,camo_h1_giraffe,,,,,,,0x1008BCA,,
39,camo040,LOOT_DEC_WCAMO_27,LUA_MENU_CAMO_CAPS,h1_weapon_camo_apocalypse_sho_06,weapon_missing_image,,,camo_h1_cheetah,,,,,,,0x1008BC9,,
40,camo041,LOOT_DEC_WCAMO_REWARD_05,LUA_MENU_CAMO_CAPS,h1_weapon_camo_norse_00_reward,weapon_missing_image,,,camo_h1_rubber_grid,,,,,,0x100C6BB,,,
41,camo042,LOOT_DEC_WCAMO_61,LUA_MENU_CAMO_CAPS,h1_weapon_camo_norse_06,weapon_missing_image,,,camo_h1_rubber_hex,,,,,,,,,0x100939F
42,camo043,LOOT_DEC_WCAMO_38,LUA_MENU_CAMO_CAPS,h1_weapon_camo_norse_03,weapon_missing_image,,,camo_h1_red_wash,,,,,0x1008BD4,,,,
43,camo044,LOOT_DEC_WCAMO_37,LUA_MENU_CAMO_CAPS,h1_weapon_camo_norse_04,weapon_missing_image,,,camo_h1_tan_wash,,,,,0x1008BD3,,,,
44,camo045,LOOT_DEC_WCAMO_REWARD_02,LUA_MENU_CAMO_CAPS,h1_weapon_camo_mineral_00_reward,weapon_missing_image,,,camo_h1_obsidian,,,,,0x100C6AC,,,,
45,camo046,LOOT_DEC_WCAMO_56,LUA_MENU_CAMO_CAPS,h1_weapon_camo_chilipepper_smg_01,weapon_missing_image,,,camo_h1_blue_jade,,,,,0x100939A,,,,
46,camo047,LOOT_DEC_WCAMO_30,LUA_MENU_CAMO_CAPS,h1_weapon_camo_chilipepper_smg_05,weapon_missing_image,,,camo_h1_onyx,,,,,0x1008BCC,,,,
47,camo048,LOOT_DEC_WCAMO_31,LUA_MENU_CAMO_CAPS,h1_weapon_camo_chilipepper_smg_06,weapon_missing_image,,,camo_h1_red_onyx,,,,,0x1008BCD,,,,
48,camo049,LOOT_DEC_WCAMO_48,LUA_MENU_CAMO_CAPS,h1_weapon_camo_chilipepper_smg_07,weapon_missing_image,,,camo_h1_marble,,,,,0x1008FB2,,,,
49,camo050,LOOT_DEC_WCAMO_50,LUA_MENU_CAMO_CAPS,h1_weapon_camo_patriot_06,weapon_missing_image,,,camo_h1_soviet,,,,,,,,0x1008FB4,
50,camo051,LOOT_DEC_WCAMO_34,LUA_MENU_CAMO_CAPS,h1_weapon_camo_patriot_03,weapon_missing_image,,,camo_h1_dazzle,,,,,,,,,0x1008BD0
51,camo052,LOOT_DEC_WCAMO_29,LUA_MENU_CAMO_CAPS,h1_weapon_camo_battleworn,weapon_missing_image,,,camo_h1_btw_rare_01,,,,0x1008BCB,,,,,
52,camo053,LOOT_DEC_WCAMO_08,LUA_MENU_CAMO_CAPS,h1_weapon_camo_cliffhanger,weapon_missing_image,,,camo_h1_clh_rare_01,,,,,0x10087E8,,,,
53,camo054,LOOT_DEC_WCAMO_57,LUA_MENU_CAMO_CAPS,h1_weapon_camo_competitor,weapon_missing_image,,,camo_h1_cmp_epic_01,,,,,,,0x100939B,,
54,camo055,LOOT_DEC_WCAMO_33,LUA_MENU_CAMO_CAPS,h1_weapon_camo_gunslinger,weapon_missing_image,,,camo_h1_gsr_rare_01,,,,,,,,,0x1008BCF
55,camo056,LOOT_DEC_WCAMO_60,LUA_MENU_CAMO_CAPS,h1_weapon_camo_gravedigger,weapon_missing_image,,,camo_h1_gvd_epic_01,,,,,,,0x100939E,,
56,camo057,LOOT_DEC_WCAMO_32,LUA_MENU_CAMO_CAPS,h1_weapon_camo_eightball_pst_05,weapon_missing_image,,,camo_h1_geometric_rare_01,,,,,,,,,0x1008BCE
57,camo058,LOOT_DEC_WCAMO_58,LUA_MENU_CAMO_CAPS,h1_weapon_camo_eightball_pst_07,weapon_missing_image,,,camo_h1_geometric_rare_02,,,,,,,,,0x100939C
58,camo059,LOOT_DEC_WCAMO_49,LUA_MENU_CAMO_CAPS,h1_weapon_camo_eightball_pst_06,weapon_missing_image,,,camo_h1_geometric_legendary_01,,,,,,,,,0x1008FB3
59,camo060,LOOT_DEC_WCAMO_59,LUA_MENU_CAMO_CAPS,h1_weapon_camo_eightball_pst_01,weapon_missing_image,,,camo_h1_geometric_epic_01,,,,,,,,,0x100939D
60,camo061,LOOT_DEC_WCAMO_REWARD_03,LUA_MENU_CAMO_CAPS,h1_weapon_camo_geometric_00_reward,weapon_missing_image,,,camo_h1_geometric_reward_01,,,,,,,,,0x100C6AE
61,camo062,LOOT_DEC_WCAMO_45,LUA_MENU_CAMO_CAPS,h1_weapon_camo_wrongway_sni_05,weapon_missing_image,,,camo_h1_far_east_rare_01,,,,,,,,0x1008BDB,
62,camo063,LOOT_DEC_WCAMO_46,LUA_MENU_CAMO_CAPS,h1_weapon_camo_wrongway_sni_06,weapon_missing_image,,,camo_h1_far_east_rare_02,,,,,,,,0x1008BDC,
63,camo064,LOOT_DEC_WCAMO_54,LUA_MENU_CAMO_CAPS,h1_weapon_camo_wrongway_sni_07,weapon_missing_image,,,camo_h1_far_east_legendary_01,,,,,,,,0x1008FB8,
64,camo065,LOOT_DEC_WCAMO_64,LUA_MENU_CAMO_CAPS,h1_weapon_camo_wrongway_sni_01,weapon_missing_image,,,camo_h1_far_east_epic_01,,,,,,,,0x10093A2,
65,camo066,LOOT_DEC_WCAMO_REWARD_08,LUA_MENU_CAMO_CAPS,h1_weapon_camo_fareast_00_reward,weapon_missing_image,,,camo_h1_far_east_reward_01,,,,,,,,0x100C6BF,
66,camo067,LOOT_DEC_WCAMO_43,LUA_MENU_CAMO_CAPS,h1_weapon_camo_widowmaker_asl_05,weapon_missing_image,,,camo_h1_widow_rare_01,,,,0x1008BD9,,,,,
67,camo068,LOOT_DEC_WCAMO_44,LUA_MENU_CAMO_CAPS,h1_weapon_camo_widowmaker_asl_06,weapon_missing_image,,,camo_h1_widow_rare_02,,,,0x1008BDA,,,,,
68,camo069,LOOT_DEC_WCAMO_53,LUA_MENU_CAMO_CAPS,h1_weapon_camo_widowmaker_asl_07,weapon_missing_image,,,camo_h1_widow_legendary_01,,,,0x1008FB7,,,,,
69,camo070,LOOT_DEC_WCAMO_63,LUA_MENU_CAMO_CAPS,h1_weapon_camo_widowmaker_asl_01,weapon_missing_image,,,camo_h1_widow_epic_01,,,,0x10093A1,,,,,
70,camo071,LOOT_DEC_WCAMO_REWARD_07,LUA_MENU_CAMO_CAPS,h1_weapon_camo_widowmaker_00_reward,weapon_missing_image,,,camo_h1_widow_reward_01,,,,0x100C6BE,,,,,
71,camo072,LOOT_DEC_WCAMO_40,LUA_MENU_CAMO_CAPS,h1_weapon_camo_toxic_lmg_05,weapon_missing_image,,,camo_h1_toxic_rare_01,,,,,,0x1008BD6,,,
72,camo073,LOOT_DEC_WCAMO_41,LUA_MENU_CAMO_CAPS,h1_weapon_camo_toxic_lmg_06,weapon_missing_image,,,camo_h1_toxic_rare_02,,,,,,0x1008BD7,,,
73,camo074,LOOT_DEC_WCAMO_52,LUA_MENU_CAMO_CAPS,h1_weapon_camo_toxic_lmg_07,weapon_missing_image,,,camo_h1_toxic_legendary_01,,,,,,0x1008FB6,,,
74,camo075,LOOT_DEC_WCAMO_62,LUA_MENU_CAMO_CAPS,h1_weapon_camo_toxic_lmg_01,weapon_missing_image,,,camo_h1_toxic_epic_01,,,,,,0x10093A0,,,
75,camo076,LOOT_DEC_WCAMO_REWARD_06,LUA_MENU_CAMO_CAPS,h1_weapon_camo_toxic_lmg_00_reward,weapon_missing_image,,,camo_h1_toxic_reward_01,,,,,,0x100C6BC,,,
76,camo077,LOOT_DEC_WCAMO_07,LUA_MENU_CAMO_CAPS,h1_weapon_camo_chilipepper_smg_04,weapon_missing_image,,,camo_h1_marble_common_01,,,,,0x10087E7,,,,
77,camo078,LOOT_DEC_WCAMO_09,LUA_MENU_CAMO_CAPS,h1_weapon_camo_eightball_pst_02,weapon_missing_image,,,camo_h1_geometric_common_01,,,,,,,,,0x10087E9
78,camo079,LOOT_DEC_WCAMO_10,LUA_MENU_CAMO_CAPS,h1_weapon_camo_eightball_pst_03,weapon_missing_image,,,camo_h1_geometric_common_02,,,,,,,,,0x10087EA
79,camo080,LOOT_DEC_WCAMO_11,LUA_MENU_CAMO_CAPS,h1_weapon_camo_eightball_pst_04,weapon_missing_image,,,camo_h1_geometric_common_03,,,,,,,,,0x10087EB
80,camo081,LOOT_DEC_WCAMO_14,LUA_MENU_CAMO_CAPS,h1_weapon_camo_patriot_01,weapon_missing_image,,,camo_h1_gorka_woodland,,,,,,,0x10087EE,,
81,camo082,LOOT_DEC_WCAMO_51,LUA_MENU_CAMO_CAPS,h1_weapon_camo_scorpion,weapon_missing_image,,,camo_h1_scn_legendary_01,,,,0x1008FB5,,,,,
82,camo083,LOOT_DEC_WCAMO_42,LUA_MENU_CAMO_CAPS,h1_weapon_camo_warfighter,weapon_missing_image,,,camo_h1_war_rare_01,,,,,,0x1008BD8,,,
83,camo084,LOOT_DEC_WCAMO_26,LUA_MENU_CAMO_CAPS,h1_weapon_camo_xmlar,weapon_missing_image,,,camo_h1_belgian_woodland,,,,0x10087FA,,,,,
84,camo085,MPUI_GIFTWRAP,MPUI_GIFTWRAP_DESC,h1_weapon_camo_christmas_wrap,weapon_missing_image,,,camo_h1_christmas_wrap,,,,,,,,,
85,camo086,MPUI_UGLYSWEATER,MPUI_UGLYSWEATER_DESC,h1_weapon_camo_christmas_sweater,weapon_missing_image,,,camo_h1_christmas_sweater,,,,,,,,,
86,camo087,LOOT_DEC_WCAMO_35,LUA_MENU_CAMO_CAPS,h1_weapon_camo_dazzle_orange,weapon_missing_image,,,camo_h1_dazzle_orange,,,,0x1008BD1,,,,,
87,camo088,LOOT_DEC_WCAMO_36,LUA_MENU_CAMO_CAPS,h1_weapon_camo_dazzle_pink,weapon_missing_image,,,camo_h1_dazzle_pink,,,,,0x1008BD2,,,,
88,camo089,LOOT_DEC_WCAMO_39,LUA_MENU_CAMO_CAPS,h1_weapon_camo_norse_green_wash,weapon_missing_image,,,camo_h1_green_wash,,,,0x1008BD5,,,,,
89,wcamo_code,MPUI_CODE,LUA_MENU_CAMO_CAPS,h1_weapon_camo_code,weapon_missing_image,0,,camo_h1_code,,,,0x100D0B4,0x100D0B4,0x100D0B4,0x100D0B4,0x100D0B4,0x100D0B4
90,wc_aftermath_01,LOOT_JAN_WCAMO_13,LUA_MENU_CAMO_CAPS,h1_weapon_camo_aftermath_01,weapon_missing_image,,,camo_h1_aftermath_common_01,,,,,,0x1008807,,,
91,wc_aftermath_02,LOOT_JAN_WCAMO_14,LUA_MENU_CAMO_CAPS,h1_weapon_camo_aftermath_02,weapon_missing_image,,,camo_h1_aftermath_common_02,,,,,,0x1008808,,,
92,wc_aftermath_03,LOOT_JAN_WCAMO_15,LUA_MENU_CAMO_CAPS,h1_weapon_camo_aftermath_03,weapon_missing_image,,,camo_h1_aftermath_common_03,,,,,,0x1008809,,,
93,wc_aftermath_04,LOOT_JAN_WCAMO_28,LUA_MENU_CAMO_CAPS,h1_weapon_camo_aftermath_04,weapon_missing_image,,,camo_h1_aftermath_rare_01,,,,,,0x1008BE9,,,
94,wc_aftermath_05,LOOT_JAN_WCAMO_29,LUA_MENU_CAMO_CAPS,h1_weapon_camo_aftermath_05,weapon_missing_image,,,camo_h1_aftermath_rare_02,,,,,,0x1008BEA,,,
95,wc_aftermath_06,LOOT_JAN_WCAMO_35,LUA_MENU_CAMO_CAPS,h1_weapon_camo_aftermath_06,weapon_missing_image,,,camo_h1_aftermath_legendary,,,,,,0x1008FBD,,,
96,wc_aftermath_07,LOOT_JAN_WCAMO_42,LUA_MENU_CAMO_CAPS,h1_weapon_camo_aftermath_07,weapon_missing_image,,,camo_h1_aftermath_epic,,,,,,0x10093A8,,,
97,wc_aftermath_reward,LOOT_JAN_WCAMO_REWARD_05,LUA_MENU_CAMO_CAPS,h1_weapon_camo_aftermath_00_reward,weapon_missing_image,,,camo_h1_aftermath_reward,,,,,,0x100C6B8,,,
98,wc_battlescarred_01,LOOT_JAN_WCAMO_38,LUA_MENU_CAMO_CAPS,h1_weapon_camo_battlescarred_01,weapon_missing_image,,,camo_h1_battlescarred_epic,,,,,0x10093A4,,,,
99,wc_czar_01,LOOT_JAN_WCAMO_30,LUA_MENU_CAMO_CAPS,h1_weapon_camo_czar_01,weapon_missing_image,,,camo_h1_czar,,,,,,0x1008BEB,,,
100,wc_diablo_01,LOOT_JAN_WCAMO_04,LUA_MENU_CAMO_CAPS,h1_weapon_camo_diablo_01,weapon_missing_image,,,camo_h1_diablo_common_01,,,,,0x10087FE,,,,
101,wc_diablo_02,LOOT_JAN_WCAMO_05,LUA_MENU_CAMO_CAPS,h1_weapon_camo_diablo_02,weapon_missing_image,,,camo_h1_diablo_common_02,,,,,0x10087FF,,,,
102,wc_diablo_03,LOOT_JAN_WCAMO_06,LUA_MENU_CAMO_CAPS,h1_weapon_camo_diablo_03,weapon_missing_image,,,camo_h1_diablo_common_03,,,,,0x1008800,,,,
103,wc_diablo_04,LOOT_JAN_WCAMO_19,LUA_MENU_CAMO_CAPS,h1_weapon_camo_diablo_04,weapon_missing_image,,,camo_h1_diablo_rare_01,,,,,0x1008BE0,,,,
104,wc_diablo_05,LOOT_JAN_WCAMO_20,LUA_MENU_CAMO_CAPS,h1_weapon_camo_diablo_05,weapon_missing_image,,,camo_h1_diablo_rare_02,,,,,0x1008BE1,,,,
105,wc_diablo_06,LOOT_JAN_WCAMO_32,LUA_MENU_CAMO_CAPS,h1_weapon_camo_diablo_06,weapon_missing_image,,,camo_h1_diablo_legendary,,,,,0x1008FBA,,,,
106,wc_diablo_07,LOOT_JAN_WCAMO_39,LUA_MENU_CAMO_CAPS,h1_weapon_camo_diablo_07,weapon_missing_image,,,camo_h1_diablo_epic,,,,,0x10093A5,,,,
107,wc_diablo_reward,LOOT_JAN_WCAMO_REWARD_02,LUA_MENU_CAMO_CAPS,h1_weapon_camo_diablo_00_reward,weapon_missing_image,,,camo_h1_diablo_reward,,,,,0x100C6AD,,,,
108,wc_funhouse_01,LOOT_JAN_WCAMO_01,LUA_MENU_CAMO_CAPS,h1_weapon_camo_funhouse_01,weapon_missing_image,,,camo_h1_funhouse_common_01,,,,,,,,0x10087FB,
109,wc_funhouse_02,LOOT_JAN_WCAMO_02,LUA_MENU_CAMO_CAPS,h1_weapon_camo_funhouse_02,weapon_missing_image,,,camo_h1_funhouse_common_02,,,,,,,,0x10087FC,
110,wc_funhouse_03,LOOT_JAN_WCAMO_03,LUA_MENU_CAMO_CAPS,h1_weapon_camo_funhouse_03,weapon_missing_image,,,camo_h1_funhouse_common_03,,,,,,,,0x10087FD,
111,wc_funhouse_04,LOOT_JAN_WCAMO_17,LUA_MENU_CAMO_CAPS,h1_weapon_camo_funhouse_04,weapon_missing_image,,,camo_h1_funhouse_rare_01,,,,,,,,0x1008BDE,
112,wc_funhouse_05,LOOT_JAN_WCAMO_18,LUA_MENU_CAMO_CAPS,h1_weapon_camo_funhouse_05,weapon_missing_image,,,camo_h1_funhouse_rare_02,,,,,,,,0x1008BDF,
113,wc_funhouse_06,LOOT_JAN_WCAMO_31,LUA_MENU_CAMO_CAPS,h1_weapon_camo_funhouse_06,weapon_missing_image,,,camo_h1_funhouse_legendary,,,,,,,,0x1008FB9,
114,wc_funhouse_07,LOOT_JAN_WCAMO_37,LUA_MENU_CAMO_CAPS,h1_weapon_camo_funhouse_07,weapon_missing_image,,,camo_h1_funhouse_epic,,,,,,,,0x10093A3,
115,wc_funhouse_reward,LOOT_JAN_WCAMO_REWARD_01,LUA_MENU_CAMO_CAPS,h1_weapon_camo_funhouse_00_reward,weapon_missing_image,,,camo_h1_funhouse_reward,,,,,,,,0x100C6AB,
116,wc_gladiator_01,LOOT_JAN_WCAMO_45,LUA_MENU_CAMO_CAPS,h1_weapon_camo_gladiator_01,weapon_missing_image,,,camo_h1_gladiator_legendary,,,,,,,0x100D0A8,,
117,wc_hatchetman_01,LOOT_JAN_WCAMO_24,LUA_MENU_CAMO_CAPS,h1_weapon_camo_hatchetman_01,weapon_missing_image,,,camo_h1_hatchetman_common,,,,,0x1008BE5,,,,
118,wc_hunter_01,LOOT_JAN_WCAMO_09,LUA_MENU_CAMO_CAPS,h1_weapon_camo_hunter_01,weapon_missing_image,,,camo_h1_hunter_common_01,,,,0x1008803,,,,,
119,wc_hunter_02,LOOT_JAN_WCAMO_10,LUA_MENU_CAMO_CAPS,h1_weapon_camo_hunter_02,weapon_missing_image,,,camo_h1_hunter_common_02,,,,0x1008804,,,,,
120,wc_hunter_03,LOOT_JAN_WCAMO_11,LUA_MENU_CAMO_CAPS,h1_weapon_camo_hunter_03,weapon_missing_image,,,camo_h1_hunter_common_03,,,,0x1008805,,,,,
121,wc_hunter_04,LOOT_JAN_WCAMO_25,LUA_MENU_CAMO_CAPS,h1_weapon_camo_hunter_04,weapon_missing_image,,,camo_h1_hunter_rare_01,,,,0x1008BE6,,,,,
122,wc_hunter_05,LOOT_JAN_WCAMO_26,LUA_MENU_CAMO_CAPS,h1_weapon_camo_hunter_05,weapon_missing_image,,,camo_h1_hunter_rare_02,,,,0x1008BE7,,,,,
123,wc_hunter_06,LOOT_JAN_WCAMO_34,LUA_MENU_CAMO_CAPS,h1_weapon_camo_hunter_06,weapon_missing_image,,,camo_h1_hunter_legendary,,,,0x1008FBC,,,,,
124,wc_hunter_07,LOOT_JAN_WCAMO_41,LUA_MENU_CAMO_CAPS,h1_weapon_camo_hunter_07,weapon_missing_image,,,camo_h1_hunter_epic,,,,0x10093A7,,,,,
125,wc_hunter_reward,LOOT_JAN_WCAMO_REWARD_04,LUA_MENU_CAMO_CAPS,h1_weapon_camo_hunter_00_reward,weapon_missing_image,,,camo_h1_hunter_reward,,,,0x100C6B3,,,,,
126,wc_huntsman_01,LOOT_JAN_WCAMO_27,LUA_MENU_CAMO_CAPS,h1_weapon_camo_huntsman_01,weapon_missing_image,,,camo_h1_huntsman_rare,,,,,,,,0x1008BE8,
127,wc_kamchatka12_01,LOOT_JAN_WCAMO_43,LUA_MENU_CAMO_CAPS,h1_weapon_camo_kamchatka_01,weapon_missing_image,,,camo_h1_kam12,,,,,,,0x100D0A3,,
128,wc_lawman_01,LOOT_JAN_WCAMO_12,LUA_MENU_CAMO_CAPS,h1_weapon_camo_lawman_01,weapon_missing_image,,,camo_h1_lawman_common,,,,,,,0x1008806,,
129,wc_magnum_01,LOOT_JAN_WCAMO_16,LUA_MENU_CAMO_CAPS,h1_weapon_camo_44magnum_01,weapon_missing_image,,,camo_h1_44magnum,,,,,,,,,0x1008BDD
130,wc_xmlar_01,LOOT_JAN_WCAMP_44,LUA_MENU_CAMO_CAPS,h1_weapon_camo_xmlar_01,weapon_missing_image,,,camo_h1_xmlar,,,,0x100D0A4,,,,,
131,wc_arcticwolf_01,LOOT_JAN_WCAMO_AW_REWARD,LUA_MENU_CAMO_CAPS,h1_weapon_camo_arctic_wolf,weapon_missing_image,,,camo_h1_arctic_wolf,,,,0x100D0BE,0x100D0BE,0x100D0BE,0x100D0BE,0x100D0BE,0x100D0BE
132,wc_amoeba_01,LOOT_FEB_WCAMO_01,LUA_MENU_CAMO_CAPS,h1_wcamo_feb_amoeba_01,weapon_missing_image,,,camo_h1_amoeba_01,,,,,0x100880A,,,,
133,wc_amoeba_02,LOOT_FEB_WCAMO_02,LUA_MENU_CAMO_CAPS,h1_wcamo_feb_amoeba_02,weapon_missing_image,,,camo_h1_amoeba_02,,,,,0x100880B,,,,
134,wc_amoeba_03,LOOT_FEB_WCAMO_21,LUA_MENU_CAMO_CAPS,h1_wcamo_feb_amoeba_03,weapon_missing_image,,,camo_h1_amoeba_03,,,,,0x1008BEC,,,,
135,wc_amoeba_04,LOOT_FEB_WCAMO_22,LUA_MENU_CAMO_CAPS,h1_wcamo_feb_amoeba_04,weapon_missing_image,,,camo_h1_amoeba_04,,,,,0x1008BED,,,,
136,wc_amoeba_05,LOOT_FEB_WCAMO_23,LUA_MENU_CAMO_CAPS,h1_wcamo_feb_amoeba_05,weapon_missing_image,,,camo_h1_amoeba_05,,,,,0x1008BEE,,,,
137,wc_amoeba_06,LOOT_FEB_WCAMO_42,LUA_MENU_CAMO_CAPS,h1_wcamo_feb_amoeba_06,weapon_missing_image,,,camo_h1_amoeba_06,,,,,0x1008FBF,,,,
138,wc_amoeba_07,LOOT_FEB_WCAMO_52,LUA_MENU_CAMO_CAPS,h1_wcamo_feb_amoeba_07,weapon_missing_image,,,camo_h1_amoeba_07,,,,,0x10093A9,,,,
139,wc_amoeba_reward,LOOT_FEB_WCAMO_REWARD_01,LUA_MENU_CAMO_CAPS,h1_wcamo_feb_amoeba_reward,weapon_missing_image,,,camo_h1_amoeba_reward,,,,,0x100C6A9,,,,
140,wc_avalanche_01,LOOT_FEB_WCAMO_27,LUA_MENU_CAMO_CAPS,h1_wcamo_feb_avalanche_01,weapon_missing_image,,,camo_h1_avalanche_01,,,,,,,,,0x1008BF2
141,wc_boss_01,LOOT_FEB_WCAMO_24,LUA_MENU_CAMO_CAPS,h1_wcamo_feb_boss_01,weapon_missing_image,,,camo_h1_boss_01,,,,,,,,,0x1008BEF
142,wc_chalk_01,LOOT_FEB_WCAMO_45,LUA_MENU_CAMO_CAPS,h1_wcamo_feb_chalk_01,weapon_missing_image,,,camo_h1_chalk_01,,,,,,,,0x1008FC2,
143,wc_challenger_01,LOOT_FEB_WCAMO_43,LUA_MENU_CAMO_CAPS,h1_wcamo_feb_challenger_01,weapon_missing_image,,,camo_h1_challenger_01,,,,0x1008FC0,,,,,
144,wc_decay_01,LOOT_FEB_WCAMO_19,LUA_MENU_CAMO_CAPS,h1_wcamo_feb_decay_01,weapon_missing_image,,,camo_h1_decay_01,,,,,,,0x100881C,,
145,wc_decay_02,LOOT_FEB_WCAMO_20,LUA_MENU_CAMO_CAPS,h1_wcamo_feb_decay_02,weapon_missing_image,,,camo_h1_decay_02,,,,,,,0x100881D,,
146,wc_decay_03,LOOT_FEB_WCAMO_38,LUA_MENU_CAMO_CAPS,h1_wcamo_feb_decay_03,weapon_missing_image,,,camo_h1_decay_03,,,,,,,0x1008BFD,,
147,wc_decay_04,LOOT_FEB_WCAMO_39,LUA_MENU_CAMO_CAPS,h1_wcamo_feb_decay_04,weapon_missing_image,,,camo_h1_decay_04,,,,,,,0x1008BFE,,
148,wc_decay_05,LOOT_FEB_WCAMO_40,LUA_MENU_CAMO_CAPS,h1_wcamo_feb_decay_05,weapon_missing_image,,,camo_h1_decay_05,,,,,,,0x1008BFF,,
149,wc_decay_06,LOOT_FEB_WCAMO_51,LUA_MENU_CAMO_CAPS,h1_wcamo_feb_decay_06,weapon_missing_image,,,camo_h1_decay_06,,,,,,,0x1008FC8,,
150,wc_decay_07,LOOT_FEB_WCAMO_63,LUA_MENU_CAMO_CAPS,h1_wcamo_feb_decay_07,weapon_missing_image,,,camo_h1_decay_07,,,,,,,0x10093B4,,
151,wc_decay_reward,LOOT_FEB_WCAMO_REWARD_06,LUA_MENU_CAMO_CAPS,h1_wcamo_feb_decay_reward,weapon_missing_image,,,camo_h1_decay_reward,,,,,,,0x100C6BD,,
152,wc_dmr25s_01,LOOT_FEB_WCAMO_41,LUA_MENU_CAMO_CAPS,h1_wcamo_feb_dmr25s_01,weapon_missing_image,,,camo_h1_dmr25s_01,,,,,,,,0x1008C00,
153,wc_etch_01,LOOT_FEB_WCAMO_03,LUA_MENU_CAMO_CAPS,h1_wcamo_feb_etch_01,weapon_missing_image,,,camo_h1_etch_01,,,,,,,,,0x100880C
154,wc_etch_02,LOOT_FEB_WCAMO_04,LUA_MENU_CAMO_CAPS,h1_wcamo_feb_etch_02,weapon_missing_image,,,camo_h1_etch_02,,,,,,,,,0x100880D
155,wc_etch_03,LOOT_FEB_WCAMO_25,LUA_MENU_CAMO_CAPS,h1_wcamo_feb_etch_03,weapon_missing_image,,,camo_h1_etch_03,,,,,,,,,0x1008BF0
156,wc_etch_04,LOOT_FEB_WCAMO_26,LUA_MENU_CAMO_CAPS,h1_wcamo_feb_etch_04,weapon_missing_image,,,camo_h1_etch_04,,,,,,,,,0x1008BF1
157,wc_etch_05,LOOT_FEB_WCAMO_44,LUA_MENU_CAMO_CAPS,h1_wcamo_feb_etch_05,weapon_missing_image,,,camo_h1_etch_05,,,,,,,,,0x1008FC1
158,wc_etch_06,LOOT_FEB_WCAMO_53,LUA_MENU_CAMO_CAPS,h1_wcamo_feb_etch_06,weapon_missing_image,,,camo_h1_etch_06,,,,,,,,,0x10093AA
159,wc_etch_07,LOOT_FEB_WCAMO_54,LUA_MENU_CAMO_CAPS,h1_wcamo_feb_etch_07,weapon_missing_image,,,camo_h1_etch_07,,,,,,,,,0x10093AB
160,wc_etch_reward,LOOT_FEB_WCAMO_REWARD_02,LUA_MENU_CAMO_CAPS,h1_wcamo_feb_etch_reward,weapon_missing_image,,,camo_h1_etch_reward,,,,,,,,,0x100C6AF
161,wc_exlibris_01,LOOT_FEB_WCAMO_06,LUA_MENU_CAMO_CAPS,h1_wcamo_feb_exlibris_01,weapon_missing_image,,,camo_h1_exlibris_01,,,,,,0x100880F,,,
162,wc_exlibris_02,LOOT_FEB_WCAMO_07,LUA_MENU_CAMO_CAPS,h1_wcamo_feb_exlibris_02,weapon_missing_image,,,camo_h1_exlibris_02,,,,,,0x1008810,,,
163,wc_exlibris_03,LOOT_FEB_WCAMO_08,LUA_MENU_CAMO_CAPS,h1_wcamo_feb_exlibris_03,weapon_missing_image,,,camo_h1_exlibris_03,,,,,,0x1008811,,,
164,wc_exlibris_04,LOOT_FEB_WCAMO_29,LUA_MENU_CAMO_CAPS,h1_wcamo_feb_exlibris_04,weapon_missing_image,,,camo_h1_exlibris_04,,,,,,0x1008BF4,,,
165,wc_exlibris_05,LOOT_FEB_WCAMO_30,LUA_MENU_CAMO_CAPS,h1_wcamo_feb_exlibris_05,weapon_missing_image,,,camo_h1_exlibris_05,,,,,,0x1008BF5,,,
166,wc_exlibris_06,LOOT_FEB_WCAMO_46,LUA_MENU_CAMO_CAPS,h1_wcamo_feb_exlibris_06,weapon_missing_image,,,camo_h1_exlibris_06,,,,,,0x1008FC3,,,
167,wc_exlibris_07,LOOT_FEB_WCAMO_58,LUA_MENU_CAMO_CAPS,h1_wcamo_feb_exlibris_07,weapon_missing_image,,,camo_h1_exlibris_07,,,,,,0x10093AF,,,
168,wc_exlibris_reward,LOOT_FEB_WCAMO_REWARD_03,LUA_MENU_CAMO_CAPS,h1_wcamo_feb_exlibris_reward,weapon_missing_image,,,camo_h1_exlibris_reward,,,,,,0x100C6B4,,,
169,wc_frag_01,LOOT_FEB_WCAMO_05,LUA_MENU_CAMO_CAPS,h1_wcamo_feb_frag_01,weapon_missing_image,,,camo_h1_frag_01,,,,,,,0x100880E,,
170,wc_graves_01,LOOT_FEB_WCAMO_62,LUA_MENU_CAMO_CAPS,h1_wcamo_feb_graves_01,weapon_missing_image,,,camo_h1_graves_01,,,,,,,,0x10093B3,
171,wc_killshot_01,LOOT_FEB_WCAMO_28,LUA_MENU_CAMO_CAPS,h1_wcamo_feb_killshot_01,weapon_missing_image,,,camo_h1_killshot_01,,,,,,,,0x1008BF3,
172,wc_kingpin_01,LOOT_FEB_WCAMO_56,LUA_MENU_CAMO_CAPS,h1_wcamo_feb_kingpin_01,weapon_missing_image,,,camo_h1_kingpin_01,,,,,0x10093AD,,,,
173,wc_mac10_01,LOOT_FEB_WCAMO_57,LUA_MENU_CAMO_CAPS,h1_wcamo_feb_mac10_01,weapon_missing_image,,,camo_h1_mac10_01,,,,,0x10093AE,,,,
174,wc_mastercraft_01,LOOT_FEB_WCAMO_09,LUA_MENU_CAMO_CAPS,h1_wcamo_feb_mastercraft_01,weapon_missing_image,,,camo_h1_mastercraft_01,,,,0x1008812,,,,,
175,wc_mechanic_01,LOOT_FEB_WCAMO_10,LUA_MENU_CAMO_CAPS,h1_wcamo_feb_mechanic_01,weapon_missing_image,,,camo_h1_mechanic_01,,,,,,0x1008813,,,
176,wc_minerva_01,LOOT_FEB_WCAMO_11,LUA_MENU_CAMO_CAPS,h1_wcamo_feb_minerva_01,weapon_missing_image,,,camo_h1_minerva_01,,,,0x1008814,,,,,
177,wc_minerva_02,LOOT_FEB_WCAMO_12,LUA_MENU_CAMO_CAPS,h1_wcamo_feb_minerva_02,weapon_missing_image,,,camo_h1_minerva_02,,,,0x1008815,,,,,
178,wc_minerva_03,LOOT_FEB_WCAMO_13,LUA_MENU_CAMO_CAPS,h1_wcamo_feb_minerva_03,weapon_missing_image,,,camo_h1_minerva_03,,,,0x1008816,,,,,
179,wc_minerva_04,LOOT_FEB_WCAMO_31,LUA_MENU_CAMO_CAPS,h1_wcamo_feb_minerva_04,weapon_missing_image,,,camo_h1_minerva_04,,,,0x1008BF6,,,,,
180,wc_minerva_05,LOOT_FEB_WCAMO_32,LUA_MENU_CAMO_CAPS,h1_wcamo_feb_minerva_05,weapon_missing_image,,,camo_h1_minerva_05,,,,0x1008BF7,,,,,
181,wc_minerva_06,LOOT_FEB_WCAMO_47,LUA_MENU_CAMO_CAPS,h1_wcamo_feb_minerva_06,weapon_missing_image,,,camo_h1_minerva_06,,,,0x1008FC4,,,,,
182,wc_minerva_07,LOOT_FEB_WCAMO_60,LUA_MENU_CAMO_CAPS,h1_wcamo_feb_minerva_07,weapon_missing_image,,,camo_h1_minerva_07,,,,0x10093B1,,,,,
183,wc_minerva_reward,LOOT_FEB_WCAMO_REWARD_04,LUA_MENU_CAMO_CAPS,h1_wcamo_feb_minerva_reward,weapon_missing_image,,,camo_h1_minerva_reward,,,,0x100C6B5,,,,,
184,wc_noobtuber_01,LOOT_FEB_WCAMO_14,LUA_MENU_CAMO_CAPS,h1_wcamo_feb_noobtuber_01,weapon_missing_image,,,camo_h1_noobtuber_01,,,,0x1008817,,,,,
185,wc_pigpen_01,LOOT_FEB_WCAMO_59,LUA_MENU_CAMO_CAPS,h1_wcamo_feb_pigpen_01,weapon_missing_image,,,camo_h1_pigpen_01,,,,,,,0x10093B0,,
186,wc_pkm_01,LOOT_FEB_WCAMO_33,LUA_MENU_CAMO_CAPS,h1_wcamo_feb_pkm_01,weapon_missing_image,,,camo_h1_pkm_01,,,,,,0x1008BF8,,,
187,wc_reflex_01,LOOT_FEB_WCAMO_34,LUA_MENU_CAMO_CAPS,h1_wcamo_feb_reflex_01,weapon_missing_image,,,camo_h1_reflex_01,,,,,0x1008BF9,,,,
188,wc_reptile_01,LOOT_FEB_WCAMO_15,LUA_MENU_CAMO_CAPS,h1_wcamo_feb_reptile_01,weapon_missing_image,,,camo_h1_reptile_01,,,,,,,,0x1008818,
189,wc_reptile_02,LOOT_FEB_WCAMO_16,LUA_MENU_CAMO_CAPS,h1_wcamo_feb_reptile_02,weapon_missing_image,,,camo_h1_reptile_02,,,,,,,,0x1008819,
190,wc_reptile_03,LOOT_FEB_WCAMO_35,LUA_MENU_CAMO_CAPS,h1_wcamo_feb_reptile_03,weapon_missing_image,,,camo_h1_reptile_03,,,,,,,,0x1008BFA,
191,wc_reptile_04,LOOT_FEB_WCAMO_36,LUA_MENU_CAMO_CAPS,h1_wcamo_feb_reptile_04,weapon_missing_image,,,camo_h1_reptile_04,,,,,,,,0x1008BFB,
192,wc_reptile_05,LOOT_FEB_WCAMO_37,LUA_MENU_CAMO_CAPS,h1_wcamo_feb_reptile_05,weapon_missing_image,,,camo_h1_reptile_05,,,,,,,,0x1008BFC,
193,wc_reptile_06,LOOT_FEB_WCAMO_48,LUA_MENU_CAMO_CAPS,h1_wcamo_feb_reptile_06,weapon_missing_image,,,camo_h1_reptile_06,,,,,,,,0x1008FC5,
194,wc_reptile_07,LOOT_FEB_WCAMO_61,LUA_MENU_CAMO_CAPS,h1_wcamo_feb_reptile_07,weapon_missing_image,,,camo_h1_reptile_07,,,,,,,,0x10093B2,
195,wc_reptile_reward,LOOT_FEB_WCAMO_REWARD_05,LUA_MENU_CAMO_CAPS,h1_wcamo_feb_reptile_reward,weapon_missing_image,,,camo_h1_reptile_reward,,,,,,,,0x100C6BA,
196,wc_samurai_01,LOOT_FEB_WCAMO_49,LUA_MENU_CAMO_CAPS,h1_wcamo_feb_samurai_01,weapon_missing_image,,,camo_h1_samurai_01,,,,0x1008FC6,,,,,
197,wc_titanium_01,LOOT_FEB_WCAMO_17,LUA_MENU_CAMO_CAPS,h1_wcamo_feb_titanium_01,weapon_missing_image,,,camo_h1_titanium_01,,,,,,0x100881A,,,
198,wc_ultraviolet_01,LOOT_FEB_WCAMO_18,LUA_MENU_CAMO_CAPS,h1_wcamo_feb_ultraviolet_01,weapon_missing_image,,,camo_h1_ultraviolet_01,,,,,,0x100881B,,,
199,wc_venom_01,LOOT_FEB_WCAMO_50,LUA_MENU_CAMO_CAPS,h1_wcamo_feb_venom_01,weapon_missing_image,,,camo_h1_venom_01,,,,,0x1008FC7,,,,
200,wc_wartorn_01,LOOT_FEB_WCAMO_64,LUA_MENU_CAMO_CAPS,h1_wcamo_feb_wartorn_01,weapon_missing_image,,,camo_h1_wartorn_01,,,,,,0x10093B5,,,
201,wc_leprechaun_01,LOOT_FEB_WCAMO_65,LUA_MENU_CAMO_CAPS,h1_wcamo_feb_leprechaun_01,weapon_missing_image,,,camo_h1_leprechaun_01,,,,0x100D134,,,,,
202,wc_stpatty_01,LOOT_FEB_WCAMO_66,LOOT_FEB_WCAMO_66_DESC,h1_wcamo_feb_stpatty_01,weapon_missing_image,,,camo_h1_stpatty_01,,,,,,,,,
203,wc_stpatty_02,LOOT_FEB_WCAMO_67,LOOT_FEB_WCAMO_67_DESC,h1_wcamo_feb_stpatty_02,weapon_missing_image,,,camo_h1_stpatty_02,,,,,,,,,
204,wc_highnoon_01,LOOT_APR_WCAMO_01,LUA_MENU_CAMO_CAPS,h1_wcamo_apr_highnoon_01,weapon_missing_image,,,camo_h1_highnoon_01,,,,0x10093B8,,,,,
205,wc_phalanx_01,LOOT_APR_WCAMO_02,LUA_MENU_CAMO_CAPS,h1_wcamo_apr_phalanx_01,weapon_missing_image,,,camo_h1_phalanx_01,,,,,,0x1008826,,,
206,wc_urbanwarfare_01,LOOT_APR_WCAMO_03,LUA_MENU_CAMO_CAPS,h1_wcamo_apr_urbanwarfare_01,weapon_missing_image,,,camo_h1_urbanwarfare_01,,,,,,,0x100882A,,
207,wc_fieldtested_01,LOOT_APR_WCAMO_04,LUA_MENU_CAMO_CAPS,h1_wcamo_apr_fieldtested_01,weapon_missing_image,,,camo_h1_fieldtested_01,,,,,,,,0x100D16F,
208,wc_kingfish_01,LOOT_APR_WCAMO_05,LUA_MENU_CAMO_CAPS,h1_wcamo_apr_kingfish_01,weapon_missing_image,,,camo_h1_kingfish_01,,,,,,,0x10093AC,,
209,wc_tacticalfighter_01,LOOT_APR_WCAMO_06,LUA_MENU_CAMO_CAPS,h1_wcamo_apr_tacticalfighter_01,weapon_missing_image,,,camo_h1_tacticalfighter_01,,,,0x1008829,,,,,
210,wc_battletested_01,LOOT_APR_WCAMO_07,LUA_MENU_CAMO_CAPS,h1_wcamo_apr_battletested_01,weapon_missing_image,,,camo_h1_battletested_01,,,,,0x100D170,,,,
211,wc_diabolical_01,LOOT_APR_WCAMO_08,LUA_MENU_CAMO_CAPS,h1_wcamo_apr_diabolical_01,weapon_missing_image,,,camo_h1_diabolical_01,,,,,,,,0x10093B6,
212,wc_caveman_01,LOOT_APR_WCAMO_09,LUA_MENU_CAMO_CAPS,h1_wcamo_apr_caveman_01,weapon_missing_image,,,camo_h1_caveman_01,,,,,0x100881E,,,,
213,wc_sawtooth_01,LOOT_APR_WCAMO_10,LUA_MENU_CAMO_CAPS,h1_wcamo_apr_sawtooth_01,weapon_missing_image,,,camo_h1_sawtooth_01,,,,,,,0x1008C0F,,
214,wc_bos14_01,LOOT_APR_WCAMO_11,LUA_MENU_CAMO_CAPS,h1_wcamo_apr_bos14_01,weapon_missing_image,,,camo_h1_bos14_01,,,,0x100D171,,,,,
215,wc_fang45_01,LOOT_APR_WCAMO_12,LUA_MENU_CAMO_CAPS,h1_wcamo_apr_fang45_01,weapon_missing_image,,,camo_h1_fang45_01,,,,,0x100D172,,,,
216,wc_prokolot_01,LOOT_APR_WCAMO_13,LUA_MENU_CAMO_CAPS,h1_wcamo_apr_prokolot_01,weapon_missing_image,,,camo_h1_prokolot_01,,,,,,,,,0x100D173
217,wc_hightech_01,LOOT_APR_WCAMO_14,LUA_MENU_CAMO_CAPS,h1_wcamo_apr_hightech_01,weapon_missing_image,,,camo_h1_hightech_01,,,,,0x1008822,,,,
218,wc_hightech_02,LOOT_APR_WCAMO_15,LUA_MENU_CAMO_CAPS,h1_wcamo_apr_hightech_02,weapon_missing_image,,,camo_h1_hightech_02,,,,0x1008823,,,,,
219,wc_hightech_03,LOOT_APR_WCAMO_16,LUA_MENU_CAMO_CAPS,h1_wcamo_apr_hightech_03,weapon_missing_image,,,camo_h1_hightech_03,,,,0x1008C05,,,,,
220,wc_hightech_04,LOOT_APR_WCAMO_17,LUA_MENU_CAMO_CAPS,h1_wcamo_apr_hightech_04,weapon_missing_image,,,camo_h1_hightech_04,,,,,0x1008C06,,,,
221,wc_hightech_05,LOOT_APR_WCAMO_18,LUA_MENU_CAMO_CAPS,h1_wcamo_apr_hightech_05,weapon_missing_image,,,camo_h1_hightech_05,,,,0x1008C07,,,,,
222,wc_hightech_06,LOOT_APR_WCAMO_19,LUA_MENU_CAMO_CAPS,h1_wcamo_apr_hightech_06,weapon_missing_image,,,camo_h1_hightech_06,,,,,0x1008FCB,,,,
223,wc_hightech_07,LOOT_APR_WCAMO_20,LUA_MENU_CAMO_CAPS,h1_wcamo_apr_hightech_07,weapon_missing_image,,,camo_h1_hightech_07,,,,,0x10093B9,,,,
224,wc_hightech_reward,LOOT_APR_WCAMO_REWARD_01,LUA_MENU_CAMO_CAPS,h1_wcamo_apr_hightech_reward,weapon_missing_image,,,camo_h1_hightech_reward,,,,0x100C6B2,,,,,
225,wc_rebel_01,LOOT_APR_WCAMO_21,LUA_MENU_CAMO_CAPS,h1_wcamo_apr_rebel_01,weapon_missing_image,,,camo_h1_rebel_01,,,,,,0x1008827,,,
226,wc_rebel_02,LOOT_APR_WCAMO_22,LUA_MENU_CAMO_CAPS,h1_wcamo_apr_rebel_02,weapon_missing_image,,,camo_h1_rebel_02,,,,,,0x1008828,,,
227,wc_rebel_03,LOOT_APR_WCAMO_23,LUA_MENU_CAMO_CAPS,h1_wcamo_apr_rebel_03,weapon_missing_image,,,camo_h1_rebel_03,,,,,,0x1008C0C,,,
228,wc_rebel_04,LOOT_APR_WCAMO_24,LUA_MENU_CAMO_CAPS,h1_wcamo_apr_rebel_04,weapon_missing_image,,,camo_h1_rebel_04,,,,,,0x1008C0D,,,
229,wc_rebel_05,LOOT_APR_WCAMO_25,LUA_MENU_CAMO_CAPS,h1_wcamo_apr_rebel_05,weapon_missing_image,,,camo_h1_rebel_05,,,,,,0x1008C0E,,,
230,wc_rebel_06,LOOT_APR_WCAMO_26,LUA_MENU_CAMO_CAPS,h1_wcamo_apr_rebel_06,weapon_missing_image,,,camo_h1_rebel_06,,,,,,0x1008FCD,,,
231,wc_rebel_07,LOOT_APR_WCAMO_27,LUA_MENU_CAMO_CAPS,h1_wcamo_apr_rebel_07,weapon_missing_image,,,camo_h1_rebel_07,,,,,,0x10093BC,,,
232,wc_rebel_reward,LOOT_APR_WCAMO_REWARD_02,LUA_MENU_CAMO_CAPS,h1_wcamo_apr_rebel_reward,weapon_missing_image,,,camo_h1_rebel_reward,,,,,,0x100C6B9,,,
233,wc_geist_01,LOOT_APR_WCAMO_28,LUA_MENU_CAMO_CAPS,h1_wcamo_apr_geist_01,weapon_missing_image,,,camo_h1_geist_01,,,,,,,,0x100D174,
234,wc_geist_02,LOOT_APR_WCAMO_29,LUA_MENU_CAMO_CAPS,h1_wcamo_apr_geist_02,weapon_missing_image,,,camo_h1_geist_02,,,,,,,,0x100D175,
235,wc_geist_03,LOOT_APR_WCAMO_30,LUA_MENU_CAMO_CAPS,h1_wcamo_apr_geist_03,weapon_missing_image,,,camo_h1_geist_03,,,,,,,,0x100D176,
236,wc_geist_04,LOOT_APR_WCAMO_31,LUA_MENU_CAMO_CAPS,h1_wcamo_apr_geist_04,weapon_missing_image,,,camo_h1_geist_04,,,,,,,,0x100D177,
237,wc_geist_05,LOOT_APR_WCAMO_32,LUA_MENU_CAMO_CAPS,h1_wcamo_apr_geist_05,weapon_missing_image,,,camo_h1_geist_05,,,,,,,,0x100D178,
238,wc_geist_06,LOOT_APR_WCAMO_33,LUA_MENU_CAMO_CAPS,h1_wcamo_apr_geist_06,weapon_missing_image,,,camo_h1_geist_06,,,,,,,,0x100D179,
239,wc_geist_07,LOOT_APR_WCAMO_34,LUA_MENU_CAMO_CAPS,h1_wcamo_apr_geist_07,weapon_missing_image,,,camo_h1_geist_07,,,,,,,,0x100D17A,
240,wc_geist_reward,LOOT_APR_WCAMO_REWARD_03,LUA_MENU_CAMO_CAPS,h1_wcamo_apr_geist_reward,weapon_missing_image,,,camo_h1_geist_reward,,,,,,,,0x100D17B,
241,wc_operator_01,LOOT_APR_WCAMO_35,LUA_MENU_CAMO_CAPS,h1_wcamo_apr_operator_01,weapon_missing_image,,,camo_h1_operator_01,,,,,,,0x1008824,,
242,wc_operator_02,LOOT_APR_WCAMO_36,LUA_MENU_CAMO_CAPS,h1_wcamo_apr_operator_02,weapon_missing_image,,,camo_h1_operator_02,,,,,,,0x1008825,,
243,wc_operator_03,LOOT_APR_WCAMO_37,LUA_MENU_CAMO_CAPS,h1_wcamo_apr_operator_03,weapon_missing_image,,,camo_h1_operator_03,,,,,,,0x1008C09,,
244,wc_operator_04,LOOT_APR_WCAMO_38,LUA_MENU_CAMO_CAPS,h1_wcamo_apr_operator_04,weapon_missing_image,,,camo_h1_operator_04,,,,,,,0x1008C0A,,
245,wc_operator_05,LOOT_APR_WCAMO_39,LUA_MENU_CAMO_CAPS,h1_wcamo_apr_operator_05,weapon_missing_image,,,camo_h1_operator_05,,,,,,,0x1008C0B,,
246,wc_operator_06,LOOT_APR_WCAMO_40,LUA_MENU_CAMO_CAPS,h1_wcamo_apr_operator_06,weapon_missing_image,,,camo_h1_operator_06,,,,,,,0x1008FCC,,
247,wc_operator_07,LOOT_APR_WCAMO_41,LUA_MENU_CAMO_CAPS,h1_wcamo_apr_operator_07,weapon_missing_image,,,camo_h1_operator_07,,,,,,,0x10093BB,,
248,wc_operator_reward,LOOT_APR_WCAMO_REWARD_04,LUA_MENU_CAMO_CAPS,h1_wcamo_apr_operator_reward,weapon_missing_image,,,camo_h1_operator_reward,,,,,,,0x100C6B6,,
249,wc_summertime_01,LOOT_JUN_WCAMO_01,LUA_MENU_CAMO_CAPS,h1_wcamo_jun_summertime_01,weapon_missing_image,,,camo_h1_summertime_01,,,,,,,,0x100D248,
250,wc_nauticus_01,LOOT_JUN_WCAMO_02,LUA_MENU_CAMO_CAPS,h1_wcamo_jun_nauticus_01,weapon_missing_image,,,camo_h1_nauticus_01,,,,,0x100D249,,,,
251,wc_celebration_01,LOOT_JUN_WCAMO_03,LUA_MENU_CAMO_CAPS,h1_wcamo_jun_celebration_01,weapon_missing_image,,,camo_h1_celebration_01,,,,,,,,,0x100D24A
252,wc_pyrotechnic_01,LOOT_JUN_WCAMO_04,LUA_MENU_CAMO_CAPS,h1_wcamo_jun_pyrotechnic_01,weapon_missing_image,,,camo_h1_pyrotechnic_01,,,,,,,0x100D24B,,
253,wc_stac330_01,LOOT_JUN_WCAMO_06,LUA_MENU_CAMO_CAPS,h1_wcamo_jun_stac330_01,weapon_missing_image,,,camo_h1_aggressor_01,,,,,,,,0x100D24D,
254,wc_beredmk8_01,LOOT_JUN_WCAMO_07,LUA_MENU_CAMO_CAPS,h1_wcamo_jun_beredmk8_01,weapon_missing_image,,,camo_h1_bered_01,,,,,,0x100D24E,,,
255,wc_wolfen_01,LOOT_JUN_WCAMO_08,LUA_MENU_CAMO_CAPS,h1_wcamo_jun_wolfen_01,weapon_missing_image,,,camo_h1_wolfen_01,,,,0x100D24F,,,,,
256,wc_warscarred_01,LOOT_JUN_WCAMO_09,LUA_MENU_CAMO_CAPS,h1_wcamo_jun_warscarred_01,weapon_missing_image,,,camo_h1_warscarred_01,,,,,,,0x100D250,,
257,wc_slate_01,LOOT_JUN_WCAMO_10,LUA_MENU_CAMO_CAPS,h1_wcamo_jun_slate_01,weapon_missing_image,,,camo_h1_slate_01,,,,,,,,0x100D251,
258,wc_grisly_01,LOOT_JUN_WCAMO_11,LUA_MENU_CAMO_CAPS,h1_wcamo_jun_grisly_01,weapon_missing_image,,,camo_h1_grisly_01,,,,,,,,0x100D252,
259,wc_blackout_01,LOOT_JUN_WCAMO_12,LUA_MENU_CAMO_CAPS,h1_wcamo_jun_blackout_01,weapon_missing_image,,,camo_h1_blackout_01,,,,0x100D253,,,,,
260,wc_glacier_01,LOOT_JUN_WCAMO_13,LUA_MENU_CAMO_CAPS,h1_wcamo_jun_glacier_01,weapon_missing_image,,,camo_h1_glacier_01,,,,,,0x100D254,,,
261,wc_masterpiece_01,LOOT_JUN_WCAMO_14,LUA_MENU_CAMO_CAPS,h1_wcamo_jun_masterpiece_01,weapon_missing_image,,,camo_h1_masterpiece_01,,,,,0x100D255,,,,
262,wc_don_01,LOOT_JUN_WCAMO_15,LUA_MENU_CAMO_CAPS,h1_wcamo_jun_don_01,weapon_missing_image,,,camo_h1_don_01,,,,0x100D256,,,,,
263,wc_mudder_01,LOOT_JUN_WCAMO_16,LUA_MENU_CAMO_CAPS,h1_wcamo_jun_mudder_01,weapon_missing_image,,,camo_h1_mudder_01,,,,,,0x100D257,,,
264,wc_liquidator_01,LOOT_JUN_WCAMO_17,LUA_MENU_CAMO_CAPS,h1_wcamo_jun_liquidator_01,weapon_missing_image,,,camo_h1_liquidator_01,,,,,,,0x100D258,,
265,wc_neanderthal_01,LOOT_JUN_WCAMO_18,LUA_MENU_CAMO_CAPS,h1_wcamo_jun_neanderthal_01,weapon_missing_image,,,camo_h1_neaderthal_01,,,,,,,,0x100D259,
266,wc_reaper_01,LOOT_JUN_WCAMO_19,LUA_MENU_CAMO_CAPS,h1_wcamo_jun_reaper_01,weapon_missing_image,,,camo_h1_reaper_01,,,,,0x100D25A,,,,
267,wc_relic_01,LOOT_JUN_WCAMO_20,LUA_MENU_CAMO_CAPS,h1_wcamo_jun_relic_01,weapon_missing_image,,,camo_h1_relic_01,,,,,,,,,0x100D25B
268,wc_tribal_01,LOOT_JUN_WCAMO_21,LUA_MENU_CAMO_CAPS,h1_wcamo_jun_tribal_01,weapon_missing_image,,,camo_h1_tribal_01,,,,0x100D25C,,,,,
269,wc_bludgeon_01,LOOT_JUN_WCAMO_22,LUA_MENU_CAMO_CAPS,h1_wcamo_jun_bludgeon_01,weapon_missing_image,,,camo_h1_bludgeon_01,,,,,,0x100D25D,,,
270,wc_foliage_01,LOOT_JUN_WCAMO_23,LUA_MENU_CAMO_CAPS,h1_wcamo_jun_foliage_01,weapon_missing_image,,,camo_h1_foliage_01,,,,0x100D25E,,,,,
271,wc_foliage_02,LOOT_JUN_WCAMO_24,LUA_MENU_CAMO_CAPS,h1_wcamo_jun_foliage_02,weapon_missing_image,,,camo_h1_foliage_02,,,,,,0x100D25F,,,
272,wc_foliage_03,LOOT_JUN_WCAMO_25,LUA_MENU_CAMO_CAPS,h1_wcamo_jun_foliage_03,weapon_missing_image,,,camo_h1_foliage_03,,,,,,,0x100D260,,
273,wc_foliage_04,LOOT_JUN_WCAMO_26,LUA_MENU_CAMO_CAPS,h1_wcamo_jun_foliage_04,weapon_missing_image,,,camo_h1_foliage_04,,,,,,,,,0x100D261
274,wc_foliage_05,LOOT_JUN_WCAMO_27,LUA_MENU_CAMO_CAPS,h1_wcamo_jun_foliage_05,weapon_missing_image,,,camo_h1_foliage_05,,,,,,,,0x100D262,
275,wc_foliage_06,LOOT_JUN_WCAMO_28,LUA_MENU_CAMO_CAPS,h1_wcamo_jun_foliage_06,weapon_missing_image,,,camo_h1_foliage_06,,,,,0x100D263,,,,
276,wc_foliage_07,LOOT_JUN_WCAMO_29,LUA_MENU_CAMO_CAPS,h1_wcamo_jun_foliage_07,weapon_missing_image,,,camo_h1_foliage_07,,,,,,,,0x100D264,
277,wc_foliage_reward,LOOT_JUN_WCAMO_REWARD_01,LUA_MENU_CAMO_CAPS,h1_wcamo_jun_foliage_reward,weapon_missing_image,,,camo_h1_foliage_reward,,,,0x100D265,,,,,
278,wc_flow_01,LOOT_JUN_WCAMO_30,LUA_MENU_CAMO_CAPS,h1_wcamo_jun_flow_01,weapon_missing_image,,,camo_h1_flow_01,,,,0x100D267,,,,,
279,wc_flow_02,LOOT_JUN_WCAMO_31,LUA_MENU_CAMO_CAPS,h1_wcamo_jun_flow_07,weapon_missing_image,,,camo_h1_flow_07,,,,,0x100D268,,,,
280,wc_flow_03,LOOT_JUN_WCAMO_32,LUA_MENU_CAMO_CAPS,h1_wcamo_jun_flow_03,weapon_missing_image,,,camo_h1_flow_03,,,,,,,0x100D269,,
281,wc_flow_04,LOOT_JUN_WCAMO_33,LUA_MENU_CAMO_CAPS,h1_wcamo_jun_flow_04,weapon_missing_image,,,camo_h1_flow_04,,,,0x100D26A,,,,,
282,wc_flow_05,LOOT_JUN_WCAMO_34,LUA_MENU_CAMO_CAPS,h1_wcamo_jun_flow_05,weapon_missing_image,,,camo_h1_flow_05,,,,,,,,0x100D26B,
283,wc_flow_06,LOOT_JUN_WCAMO_35,LUA_MENU_CAMO_CAPS,h1_wcamo_jun_flow_06,weapon_missing_image,,,camo_h1_flow_06,,,,,,,,,0x100D26C
284,wc_flow_07,LOOT_JUN_WCAMO_36,LUA_MENU_CAMO_CAPS,h1_wcamo_jun_flow_02,weapon_missing_image,,,camo_h1_flow_02,,,,,0x100D26D,,,,
285,wc_flow_reward,LOOT_JUN_WCAMO_REWARD_02,LUA_MENU_CAMO_CAPS,h1_wcamo_jun_flow_reward,weapon_missing_image,,,camo_h1_flow_reward,,,,,,0x100D26E,,,
286,wc_pixel_01,LOOT_JUN_WCAMO_37,LUA_MENU_CAMO_CAPS,h1_wcamo_jun_pixel_01,weapon_missing_image,,,camo_h1_pixel_01,,,,,,,,0x100D270,
287,wc_pixel_02,LOOT_JUN_WCAMO_38,LUA_MENU_CAMO_CAPS,h1_wcamo_jun_pixel_02,weapon_missing_image,,,camo_h1_pixel_02,,,,,,0x100D271,,,
288,wc_pixel_03,LOOT_JUN_WCAMO_39,LUA_MENU_CAMO_CAPS,h1_wcamo_jun_pixel_03,weapon_missing_image,,,camo_h1_pixel_03,,,,,0x100D272,,,,
289,wc_pixel_04,LOOT_JUN_WCAMO_40,LUA_MENU_CAMO_CAPS,h1_wcamo_jun_pixel_04,weapon_missing_image,,,camo_h1_pixel_04,,,,0x100D273,,,,,
290,wc_pixel_05,LOOT_JUN_WCAMO_41,LUA_MENU_CAMO_CAPS,h1_wcamo_jun_pixel_05,weapon_missing_image,,,camo_h1_pixel_05,,,,,,,,0x100D274,
291,wc_pixel_06,LOOT_JUN_WCAMO_42,LUA_MENU_CAMO_CAPS,h1_wcamo_jun_pixel_06,weapon_missing_image,,,camo_h1_pixel_06,,,,,0x100D275,,,,
292,wc_pixel_07,LOOT_JUN_WCAMO_43,LUA_MENU_CAMO_CAPS,h1_wcamo_jun_pixel_07,weapon_missing_image,,,camo_h1_pixel_07,,,,,,,,,0x100D276
293,wc_pixel_reward,LOOT_JUN_WCAMO_REWARD_03,LUA_MENU_CAMO_CAPS,h1_wcamo_jun_pixel_reward,weapon_missing_image,,,camo_h1_pixel_reward,,,,,,,0x100D277,,
294,wc_texture_01,LOOT_JUN_WCAMO_44,LUA_MENU_CAMO_CAPS,h1_wcamo_jun_texture_01,weapon_missing_image,,,camo_h1_texture_01,,,,0x100D279,,,,,
295,wc_texture_02,LOOT_JUN_WCAMO_45,LUA_MENU_CAMO_CAPS,h1_wcamo_jun_texture_02,weapon_missing_image,,,camo_h1_texture_02,,,,,,,0x100D27A,,
296,wc_texture_03,LOOT_JUN_WCAMO_46,LUA_MENU_CAMO_CAPS,h1_wcamo_jun_texture_03,weapon_missing_image,,,camo_h1_texture_03,,,,,,,,,0x100D27B
297,wc_texture_04,LOOT_JUN_WCAMO_47,LUA_MENU_CAMO_CAPS,h1_wcamo_jun_texture_04,weapon_missing_image,,,camo_h1_texture_04,,,,,,,,0x100D27C,
298,wc_texture_05,LOOT_JUN_WCAMO_48,LUA_MENU_CAMO_CAPS,h1_wcamo_jun_texture_05,weapon_missing_image,,,camo_h1_texture_05,,,,,,0x100D27D,,,
299,wc_texture_06,LOOT_JUN_WCAMO_49,LUA_MENU_CAMO_CAPS,h1_wcamo_jun_texture_06,weapon_missing_image,,,camo_h1_texture_06,,,,,,,0x100D27E,,
300,wc_texture_07,LOOT_JUN_WCAMO_50,LUA_MENU_CAMO_CAPS,h1_wcamo_jun_texture_07,weapon_missing_image,,,camo_h1_texture_07,,,,0x100D27F,,,,,
301,wc_texture_reward,LOOT_JUN_WCAMO_REWARD_04,LUA_MENU_CAMO_CAPS,h1_wcamo_jun_texture_reward,weapon_missing_image,,,camo_h1_texture_reward,,,,,,,,0x100D280,
302,wc_iris_01,LOOT_JUN_WCAMO_51,LUA_MENU_CAMO_CAPS,h1_wcamo_jun_iris_01,weapon_missing_image,,,camo_h1_iris_01,,,,,0x100D282,,,,
303,wc_iris_02,LOOT_JUN_WCAMO_52,LUA_MENU_CAMO_CAPS,h1_wcamo_jun_iris_02,weapon_missing_image,,,camo_h1_iris_02,,,,,,0x100D283,,,
304,wc_iris_03,LOOT_JUN_WCAMO_53,LUA_MENU_CAMO_CAPS,h1_wcamo_jun_iris_03,weapon_missing_image,,,camo_h1_iris_03,,,,,,,,,0x100D284
305,wc_iris_04,LOOT_JUN_WCAMO_54,LUA_MENU_CAMO_CAPS,h1_wcamo_jun_iris_04,weapon_missing_image,,,camo_h1_iris_04,,,,,,,0x100D285,,
306,wc_iris_05,LOOT_JUN_WCAMO_55,LUA_MENU_CAMO_CAPS,h1_wcamo_jun_iris_05,weapon_missing_image,,,camo_h1_iris_05,,,,,,0x100D286,,,
307,wc_iris_06,LOOT_JUN_WCAMO_56,LUA_MENU_CAMO_CAPS,h1_wcamo_jun_iris_06,weapon_missing_image,,,camo_h1_iris_06,,,,0x100D287,,,,,
308,wc_iris_07,LOOT_JUN_WCAMO_57,LUA_MENU_CAMO_CAPS,h1_wcamo_jun_iris_07,weapon_missing_image,,,camo_h1_iris_07,,,,,,,,0x100D288,
309,wc_iris_reward,LOOT_JUN_WCAMO_REWARD_05,LUA_MENU_CAMO_CAPS,h1_wcamo_jun_iris_reward,weapon_missing_image,,,camo_h1_iris_reward,,,,,0x100D289,,,,
310,wc_burnt_01,LOOT_JUN_WCAMO_58,LUA_MENU_CAMO_CAPS,h1_wcamo_jun_burnt_01,weapon_missing_image,,,camo_h1_burnt_01,,,,,,,,,0x100D28B
311,wc_burnt_02,LOOT_JUN_WCAMO_59,LUA_MENU_CAMO_CAPS,h1_wcamo_jun_burnt_02,weapon_missing_image,,,camo_h1_burnt_02,,,,,,,0x100D28C,,
312,wc_burnt_03,LOOT_JUN_WCAMO_60,LUA_MENU_CAMO_CAPS,h1_wcamo_jun_burnt_03,weapon_missing_image,,,camo_h1_burnt_03,,,,0x100D28D,,,,,
313,wc_burnt_04,LOOT_JUN_WCAMO_61,LUA_MENU_CAMO_CAPS,h1_wcamo_jun_burnt_04,weapon_missing_image,,,camo_h1_burnt_04,,,,,,,,0x100D28E,
314,wc_burnt_05,LOOT_JUN_WCAMO_62,LUA_MENU_CAMO_CAPS,h1_wcamo_jun_burnt_05,weapon_missing_image,,,camo_h1_burnt_05,,,,,,0x100D28F,,,
315,wc_burnt_06,LOOT_JUN_WCAMO_63,LUA_MENU_CAMO_CAPS,h1_wcamo_jun_burnt_06,weapon_missing_image,,,camo_h1_burnt_06,,,,0x100D290,,,,,
316,wc_burnt_07,LOOT_JUN_WCAMO_64,LUA_MENU_CAMO_CAPS,h1_wcamo_jun_burnt_07,weapon_missing_image,,,camo_h1_burnt_07,,,,,0x100D291,,,,
317,wc_burnt_reward,LOOT_JUN_WCAMO_REWARD_06,LUA_MENU_CAMO_CAPS,h1_wcamo_jun_burnt_reward,weapon_missing_image,,,camo_h1_burnt_reward,,,,,,,,,0x100D292
318,wc_summer_01,LOOT_JUN_WCAMO_65,LOOT_JUN_WCAMO_65_DESC,h1_wcamo_jun_summer_01,weapon_missing_image,,,camo_h1_summer_01,,,,,,,,,
319,wc_summer_02,LOOT_JUN_WCAMO_66,LOOT_JUN_WCAMO_66_DESC,h1_wcamo_jun_summer_02,weapon_missing_image,,,camo_h1_summer_02,,,,,,,,,
320,wc_summer_03,LOOT_JUN_WCAMO_67,LOOT_JUN_WCAMO_67_DESC,h1_wcamo_jun_summer_03,weapon_missing_image,,,camo_h1_summer_03,,,,,,,,,
321,wc_summer_04,LOOT_JUN_WCAMO_68,LOOT_JUN_WCAMO_68_DESC,h1_wcamo_jun_summer_04,weapon_missing_image,,,camo_h1_summer_04,,,,,,,,,
322,wc_ranger_01,LOOT_JUN_WCAMO_69,LUA_MENU_CAMO_CAPS,h1_wcamo_jun_ranger_01,weapon_missing_image,,,camo_h1_ranger_01,,,,,,,0x100D344,,
323,wc_ranger_02,LOOT_JUN_WCAMO_70,LUA_MENU_CAMO_CAPS,h1_wcamo_jun_ranger_02,weapon_missing_image,,,camo_h1_ranger_02,,,,,,,0x100D345,,
324,wc_lynxcq300_01,LOOT_AUG_WCAMO_01,LUA_MENU_CAMO_CAPS,h1_wcamo_aug_lynxcq300_01,weapon_missing_image,,,camo_h1_lynxcq300_01,,,,0x100D354,,,,,
325,wc_pkpsd9_01,LOOT_AUG_WCAMO_02,LUA_MENU_CAMO_CAPS,h1_wcamo_aug_pkpsd9_01,weapon_missing_image,,,camo_h1_pkpsd9_01,,,,,0x100D355,,,,
326,wc_br9_01,LOOT_AUG_WCAMO_03,LUA_MENU_CAMO_CAPS,h1_wcamo_aug_br9_01,weapon_missing_image,,,camo_h1_br9_01,,,,,,,,,0x100D356
327,wc_centermass_01,LOOT_AUG_WCAMO_04,LUA_MENU_CAMO_CAPS,h1_wcamo_aug_centermass_01,weapon_missing_image,,,camo_h1_centermass_01,,,,0x100D357,,,,,
328,wc_elder_01,LOOT_AUG_WCAMO_05,LUA_MENU_CAMO_CAPS,h1_wcamo_aug_elder_01,weapon_missing_image,,,camo_h1_elder_01,,,,,,0x100D358,,,
329,wc_obsidian_01,LOOT_AUG_WCAMO_06,LUA_MENU_CAMO_CAPS,h1_wcamo_aug_obsidian_01,weapon_missing_image,,,camo_h1_obsidian_01,,,,,,,0x100D359,,
330,wc_ghillie_01,LOOT_AUG_WCAMO_07,LUA_MENU_CAMO_CAPS,h1_wcamo_aug_ghillie_01,weapon_missing_image,,,camo_h1_ghillie,,,,,,,,0x100D35A,
331,wc_urbanoperator_01,LOOT_AUG_WCAMO_08,LUA_MENU_CAMO_CAPS,h1_wcamo_aug_urbanoperator_01,weapon_missing_image,,,camo_h1_urbanoperator_01,,,,,0x100D35B,,,,
332,wc_firedrake_01,LOOT_AUG_WCAMO_09,LUA_MENU_CAMO_CAPS,h1_wcamo_aug_firedrake_01,weapon_missing_image,,,camo_h1_firedrake_01,,,,0x100D35C,,,,,
333,wc_specops_01,LOOT_AUG_WCAMO_10,LUA_MENU_CAMO_CAPS,h1_wcamo_aug_specops_01,weapon_missing_image,,,camo_h1_specops_01,,,,,,,,,0x100D35D
334,wc_enforce_01,LOOT_AUG_WCAMO_11,LUA_MENU_CAMO_CAPS,h1_wcamo_aug_enforce_01,weapon_missing_image,,,camo_h1_enforce_01,,,,0x100D35E,,,,,
335,wc_barber_01,LOOT_AUG_WCAMO_12,LUA_MENU_CAMO_CAPS,h1_wcamo_aug_barber_01,weapon_missing_image,,,camo_h1_barber_01,,,,,,,0x100D35F,,
336,wc_dangerclose_01,LOOT_AUG_WCAMO_13,LUA_MENU_CAMO_CAPS,h1_wcamo_aug_dangerclose_01,weapon_missing_image,,,camo_h1_dangerclose_01,,,,,0x100D360,,,,
337,wc_cosmos_01,LOOT_AUG_WCAMO_14,LUA_MENU_CAMO_CAPS,h1_wcamo_aug_cosmos_01,weapon_missing_image,,,camo_h1_cosmos_01,,,,,0x100D361,,,,
338,wc_cosmos_02,LOOT_AUG_WCAMO_15,LUA_MENU_CAMO_CAPS,h1_wcamo_aug_cosmos_02,weapon_missing_image,,,camo_h1_cosmos_02,,,,0x100D362,,,,,
339,wc_cosmos_03,LOOT_AUG_WCAMO_16,LUA_MENU_CAMO_CAPS,h1_wcamo_aug_cosmos_03,weapon_missing_image,,,camo_h1_cosmos_03,,,,0x100D363,,,,,
340,wc_cosmos_04,LOOT_AUG_WCAMO_17,LUA_MENU_CAMO_CAPS,h1_wcamo_aug_cosmos_04,weapon_missing_image,,,camo_h1_cosmos_04,,,,,0x100D364,,,,
341,wc_cosmos_05,LOOT_AUG_WCAMO_18,LUA_MENU_CAMO_CAPS,h1_wcamo_aug_cosmos_05,weapon_missing_image,,,camo_h1_cosmos_05,,,,0x100D365,,,,,
342,wc_cosmos_06,LOOT_AUG_WCAMO_19,LUA_MENU_CAMO_CAPS,h1_wcamo_aug_cosmos_06,weapon_missing_image,,,camo_h1_cosmos_06,,,,,0x100D366,,,,
343,wc_cosmos_07,LOOT_AUG_WCAMO_20,LUA_MENU_CAMO_CAPS,h1_wcamo_aug_cosmos_07,weapon_missing_image,,,camo_h1_cosmos_07,,,,,0x100D367,,,,
344,wc_cosmos_reward,LOOT_AUG_WCAMO_REWARD_01,LUA_MENU_CAMO_CAPS,h1_wcamo_aug_cosmos_reward,weapon_missing_image,,,camo_h1_cosmos_reward,,,,0x100D368,,,,,
345,wc_sweettooth_01,LOOT_AUG_WCAMO_21,LUA_MENU_CAMO_CAPS,h1_wcamo_aug_sweettooth_01,weapon_missing_image,,,camo_h1_sweettooth_01,,,,,,0x100D36A,,,
346,wc_sweettooth_02,LOOT_AUG_WCAMO_22,LUA_MENU_CAMO_CAPS,h1_wcamo_aug_sweettooth_02,weapon_missing_image,,,camo_h1_sweettooth_02,,,,,,0x100D36B,,,
347,wc_sweettooth_03,LOOT_AUG_WCAMO_23,LUA_MENU_CAMO_CAPS,h1_wcamo_aug_sweettooth_03,weapon_missing_image,,,camo_h1_sweettooth_03,,,,,,0x100D36C,,,
348,wc_sweettooth_04,LOOT_AUG_WCAMO_24,LUA_MENU_CAMO_CAPS,h1_wcamo_aug_sweettooth_04,weapon_missing_image,,,camo_h1_sweettooth_04,,,,,,0x100D36D,,,
349,wc_sweettooth_05,LOOT_AUG_WCAMO_25,LUA_MENU_CAMO_CAPS,h1_wcamo_aug_sweettooth_05,weapon_missing_image,,,camo_h1_sweettooth_05,,,,,,0x100D36E,,,
350,wc_sweettooth_06,LOOT_AUG_WCAMO_26,LUA_MENU_CAMO_CAPS,h1_wcamo_aug_sweettooth_06,weapon_missing_image,,,camo_h1_sweettooth_06,,,,,,0x100D36F,,,
351,wc_sweettooth_07,LOOT_AUG_WCAMO_27,LUA_MENU_CAMO_CAPS,h1_wcamo_aug_sweettooth_07,weapon_missing_image,,,camo_h1_sweettooth_07,,,,,,0x100D370,,,
352,wc_sweettooth_reward,LOOT_AUG_WCAMO_REWARD_02,LUA_MENU_CAMO_CAPS,h1_wcamo_aug_sweettooth_reward,weapon_missing_image,,,camo_h1_sweettooth_reward,,,,,,0x100D371,,,
353,wc_tomahawk_01,LOOT_AUG_WCAMO_28,LUA_MENU_CAMO_CAPS,h1_wcamo_aug_tomahawk_01,weapon_missing_image,,,camo_h1_tomahawk_01,,,,,,,,0x100D373,
354,wc_tomahawk_02,LOOT_AUG_WCAMO_29,LUA_MENU_CAMO_CAPS,h1_wcamo_aug_tomahawk_02,weapon_missing_image,,,camo_h1_tomahawk_02,,,,,,,,0x100D374,
355,wc_tomahawk_03,LOOT_AUG_WCAMO_30,LUA_MENU_CAMO_CAPS,h1_wcamo_aug_tomahawk_03,weapon_missing_image,,,camo_h1_tomahawk_03,,,,,,,,0x100D375,
356,wc_tomahawk_04,LOOT_AUG_WCAMO_31,LUA_MENU_CAMO_CAPS,h1_wcamo_aug_tomahawk_04,weapon_missing_image,,,camo_h1_tomahawk_04,,,,,,,,0x100D376,
357,wc_tomahawk_05,LOOT_AUG_WCAMO_32,LUA_MENU_CAMO_CAPS,h1_wcamo_aug_tomahawk_05,weapon_missing_image,,,camo_h1_tomahawk_05,,,,,,,,0x100D377,
358,wc_tomahawk_06,LOOT_AUG_WCAMO_33,LUA_MENU_CAMO_CAPS,h1_wcamo_aug_tomahawk_06,weapon_missing_image,,,camo_h1_tomahawk_06,,,,,,,,0x100D378,
359,wc_tomahawk_07,LOOT_AUG_WCAMO_34,LUA_MENU_CAMO_CAPS,h1_wcamo_aug_tomahawk_07,weapon_missing_image,,,camo_h1_tomahawk_07,,,,,,,,0x100D379,
360,wc_tomahawk_reward,LOOT_AUG_WCAMO_REWARD_03,LUA_MENU_CAMO_CAPS,h1_wcamo_aug_tomahawk_reward,weapon_missing_image,,,camo_h1_tomahawk_reward,,,,,,,,0x100D37A,
361,wc_super_01,LOOT_AUG_WCAMO_35,LUA_MENU_CAMO_CAPS,h1_wcamo_aug_super_01,weapon_missing_image,,,camo_h1_super_01,,,,,,,0x100D37C,,
362,wc_super_02,LOOT_AUG_WCAMO_36,LUA_MENU_CAMO_CAPS,h1_wcamo_aug_super_02,weapon_missing_image,,,camo_h1_super_02,,,,,,,0x100D37D,,
363,wc_super_03,LOOT_AUG_WCAMO_37,LUA_MENU_CAMO_CAPS,h1_wcamo_aug_super_03,weapon_missing_image,,,camo_h1_super_03,,,,,,,0x100D37E,,
364,wc_super_04,LOOT_AUG_WCAMO_38,LUA_MENU_CAMO_CAPS,h1_wcamo_aug_super_04,weapon_missing_image,,,camo_h1_super_04,,,,,,,0x100D37F,,
365,wc_super_05,LOOT_AUG_WCAMO_39,LUA_MENU_CAMO_CAPS,h1_wcamo_aug_super_05,weapon_missing_image,,,camo_h1_super_05,,,,,,,0x100D380,,
366,wc_super_06,LOOT_AUG_WCAMO_40,LUA_MENU_CAMO_CAPS,h1_wcamo_aug_super_06,weapon_missing_image,,,camo_h1_super_06,,,,,,,0x100D381,,
367,wc_super_07,LOOT_AUG_WCAMO_41,LUA_MENU_CAMO_CAPS,h1_wcamo_aug_super_07,weapon_missing_image,,,camo_h1_super_07,,,,,,,0x100D382,,
368,wc_super_reward,LOOT_AUG_WCAMO_REWARD_04,LUA_MENU_CAMO_CAPS,h1_wcamo_aug_super_reward,weapon_missing_image,,,camo_h1_super_reward,,,,,,,0x100D383,,
